ID,scope,action,match_type,phrase,enabled,description
BCI001,subject,include,contains,引き落としに失敗,true,口座引き落とし失敗を通知する件名
BCI002,subject,include,contains,引落しに失敗,true,送り仮名を省略した引き落とし失敗
BCI003,subject,include,contains,決済に失敗,true,決済失敗を通知する件名
BCI004,subject,include,contains,支払いに失敗,true,支払い失敗を通知する件名
BCI005,subject,include,contains,お支払い方法,true,支払い方法の確認や変更を求める件名
BCI006,subject,include,contains,支払い方法,true,支払い方法の確認や変更を求める件名
BCI007,subject,include,contains,未払い,true,未払いを通知する件名
BCI008,subject,include,contains,ご請求,true,請求を通知する件名
BCI009,subject,include,contains,請求のお知らせ,true,請求通知を装う件名
BCI010,subject,include,contains,会費のお支払い,true,会費支払いを通知する件名
BCI011,subject,include,contains,料金のお支払い,true,料金支払いを通知する件名
BCI012,subject,include,contains,アカウント停止,true,アカウント停止を通知する件名
BCI013,subject,include,contains,アカウントを停止,true,アカウント停止を通知する件名
BCI014,subject,include,contains,アカウントが停止,true,アカウント停止を通知する件名
BCI015,subject,include,contains,アカウント制限,true,アカウント制限を通知する件名
BCI016,subject,include,contains,アカウントを制限,true,アカウント制限を通知する件名
BCI017,subject,include,contains,本人確認,true,本人確認を求める件名
BCI018,subject,include,contains,ログインしてください,true,ログインを求める件名
BCI019,subject,include,contains,認証してください,true,認証を求める件名
BCI020,subject,include,contains,利用停止,true,サービス利用停止を通知する件名
BCI021,subject,include,contains,利用を停止,true,サービス利用停止を通知する件名
BCI022,subject,include,contains,利用制限,true,サービス利用制限を通知する件名
BCI023,subject,include,contains,利用を制限,true,サービス利用制限を通知する件名
BCI024,subject,include,contains,ロックされ,true,アカウントなどのロックを通知する件名
BCI025,subject,include,contains,凍結され,true,アカウントなどの凍結を通知する件名
BCI026,subject,include,contains,不正利用,true,不正利用を通知する件名
BCI027,subject,include,contains,異常な,true,異常なアクセスなどを通知する件名
BCI028,subject,include,contains,ご利用確認,true,カードやサービスの利用確認を求める件名
BCI029,subject,include,contains,カード利用,true,カード利用を通知する件名
BCI030,subject,include,contains,有効期限,true,有効期限を通知する件名
BCI031,subject,include,contains,更新に失敗,true,契約や支払い方法の更新失敗を通知する件名
BCI032,subject,include,contains,注文をキャンセル,true,注文取消を通知する件名
BCI033,subject,include,contains,配送できません,true,配送失敗を通知する件名
BCI034,subject,include,contains,配達できません,true,配達失敗を通知する件名
BCI035,subject,include,contains,再配達,true,再配達手続きを求める件名
BCI036,subject,include,contains,口座を確認,true,口座確認を求める件名
BCI037,subject,include,contains,セキュリティ警告,true,セキュリティ問題を通知する件名
BCE001,subject,exclude,contains,ニュース,true,第三者のニュース件名
BCE002,subject,exclude,contains,記事,true,第三者の記事件名
BCE003,subject,exclude,contains,特集,true,第三者の特集件名
BCE004,subject,exclude,contains,解説,true,第三者の解説件名
BCE005,subject,exclude,contains,調査,true,第三者の調査件名
BCE006,subject,exclude,contains,比較,true,第三者の商品比較件名
BCE007,subject,exclude,contains,ランキング,true,第三者のランキング件名
BCE008,subject,exclude,contains,アンケート,true,アンケートや販促件名
BCE009,subject,exclude,contains,プレゼント,true,景品や販促件名
BCE010,subject,exclude,contains,ギフトカードが当たる,true,景品としてブランド名が出る件名
BCE011,subject,exclude,contains,ギフトカードを進呈,true,景品としてブランド名が出る件名
BCE012,subject,exclude,contains,詐欺に注意,true,注意喚起記事の件名
BCE013,subject,exclude,contains,偽メール,true,注意喚起記事の件名
BCE014,subject,exclude,contains,を装う,true,第三者がなりすましを説明する件名
BCE015,subject,exclude,contains,をかたる,true,第三者がなりすましを説明する件名
BCE016,subject,exclude,contains,騙る,true,第三者がなりすましを説明する件名
BCE017,subject,exclude,contains,作り方,true,操作方法を説明する記事件名
