id,brand_id,organization,aliases,incident_type,disclosed_on,email_exposure,password_exposure,scope,official_web_domains,risk_points,review_after,enabled,source_urls,verified_on
jp-2026-kddi-isp-nifty,nifty,ニフティ株式会社,@nifty|ニフティ|NIFTY,credential_and_email_exposure,2026-06-23,possible,possible,KDDIのISP向けメールシステムを利用する@niftyメールのアドレスとメールパスワード（最大件数の一部）,nifty.com|nifty.co.jp,12,2027-10-08,true,https://newsroom.kddi.com/news/assets/2026/kddi_nr_s-71_4593/kddi_nr_s-71_4593_pdf_01.pdf|https://www.nifty.co.jp/newsrelease/nifty202606235252.htm,2026-10-08
jp-2026-kddi-isp-biglobe,biglobe,ビッグローブ株式会社,BIGLOBE|ビッグローブ,credential_and_email_exposure,2026-06-23,possible,possible,KDDIのISP向けメールシステムを利用するBIGLOBEメールのアドレスとメールパスワード（最大件数の一部）,biglobe.ne.jp,12,2027-10-08,true,https://newsroom.kddi.com/news/assets/2026/kddi_nr_s-71_4593/kddi_nr_s-71_4593_pdf_01.pdf,2026-10-08
jp-2026-kddi-isp-jcom,,JCOM株式会社,J:COM NET|JCOM|ジェイコム,credential_and_email_exposure,2026-06-23,possible,possible,KDDIのISP向けメールシステムを利用するJ:COM NET・ケーブルインターネットのメールアドレスとパスワード（最大件数の一部）,jcom.co.jp,12,2027-10-08,true,https://newsroom.kddi.com/news/assets/2026/kddi_nr_s-71_4593/kddi_nr_s-71_4593_pdf_01.pdf,2026-10-08
jp-2026-kddi-isp-commufa,,中部テレコミュニケーション株式会社,コミュファ光|コミュファ|CTC,credential_and_email_exposure,2026-06-23,possible,possible,KDDIのISP向けメールシステムを利用するコミュファ光メールのアドレスとパスワード（最大件数の一部）,commufa.jp|ctc.co.jp,12,2027-10-08,true,https://newsroom.kddi.com/news/assets/2026/kddi_nr_s-71_4593/kddi_nr_s-71_4593_pdf_01.pdf,2026-10-08
jp-2026-kddi-isp-pikara,,株式会社STNet,ピカラ|Pikara|STNet,credential_and_email_exposure,2026-06-23,possible,possible,KDDIのISP向けメールシステムを利用するピカラメールのアドレスとパスワード（最大件数の一部）,pikara.jp|stnet.co.jp,12,2027-10-08,true,https://newsroom.kddi.com/news/assets/2026/kddi_nr_s-71_4593/kddi_nr_s-71_4593_pdf_01.pdf,2026-10-08
jp-2026-kddi-isp-cpi,,株式会社KDDIウェブコミュニケーションズ,CPI|KDDIウェブコミュニケーションズ,credential_and_email_exposure,2026-06-23,possible,possible,KDDIのISP向けメールシステムを利用するCPIメールのアドレスとパスワード（最大件数の一部）,cpi.ad.jp|kddi-webcommunications.co.jp,12,2027-10-08,true,https://newsroom.kddi.com/news/assets/2026/kddi_nr_s-71_4593/kddi_nr_s-71_4593_pdf_01.pdf|https://www.kddi-webcommunications.co.jp/info/5439/,2026-10-08
jp-2026-campfire,,株式会社CAMPFIRE,CAMPFIRE|キャンプファイヤー,personal_data_exposure,2026-04-27,possible,no,"プロジェクト・コミュニティのオーナー、支援者、返金対象者等225,846人。氏名、住所、電話番号、メールアドレス、一部口座情報",camp-fire.jp|campfire.co.jp,10,2027-10-08,true,https://campfire.co.jp/press/2026/04/27/campfire/,2026-10-08
jp-2026-athome-moving,,アットホーム株式会社,アットホーム|at home|at-home,personal_data_exposure,2026-02-05,possible,no,引越し見積もり利用者、取引先、加盟不動産会社のうちメールアドレスを含むと公表された区分737件,athome.co.jp,8,2027-10-08,true,https://www.athome.co.jp/corporate/news/topics/oshirase-202602/,2026-10-08
jp-2025-laurel-jijilla,,ローレルバンクマシン株式会社,Jijilla|ジジラ|ローレルバンクマシン,personal_data_exposure,2026-01-09,possible,no,Jijillaの従業員利用者およびトライアル等379人の氏名・メールアドレス,lbm.co.jp|jijilla.jp,8,2027-10-08,true,https://www.lbm.co.jp/news/2026/260109/,2026-10-08
jp-2026-frau-mail,,株式会社フラウ・インターナショナル,フラウ・インターナショナル|FRAU INTERNATIONAL,mail_service_unauthorized_access,2026-08-03,possible,unknown,"外部メールサービス上の3,560件。送信者メールアドレスおよび本文に含まれる可能性のある個人情報",frau-inter.co.jp,8,2027-10-08,true,https://www.frau-inter.co.jp/other/20260803_6519/,2026-10-08
jp-2025-orix-life-vendor,,オリックス生命保険株式会社,オリックス生命|ORIX LIFE,vendor_personal_data_exposure,2025-12-05,possible,no,委託先が扱った一部顧客の氏名、生年月日、住所、電話番号、メールアドレス、医療情報等。対象者へ個別通知,orixlife.co.jp,10,2027-10-08,true,https://www.orixlife.co.jp/about/notice/2025/pdf/n251205.pdf,2026-10-08
jp-2025-fujisan,,株式会社富士山マガジンサービス,Fujisan.co.jp|富士山マガジンサービス,account_data_unauthorized_access,2025-08-15,unknown,unknown,"最大2,259,434件の宛先情報。公式発表本文ではメールアドレスの漏えい範囲を特定できないため参考情報のみ",fujisan.co.jp,6,2027-10-08,true,https://www.fujisan.co.jp/guidance/20250815/,2026-10-08
jp-2025-kawai-gunma,,株式会社河合楽器製作所,カワイ音楽教室|河合楽器|KAWAI,accidental_email_disclosure,2025-04-28,yes,no,群馬地区のカワイ音楽教室会員463人のメールアドレスを誤送信で開示,kawai.co.jp,6,2027-10-08,true,https://www.kawai.co.jp/news/20250428/,2026-10-08
jp-2024-tullys-online,,タリーズコーヒージャパン株式会社,タリーズ|TULLY'S|TULLYS|タリーズオンラインストア,ecommerce_personal_and_card_data_exposure,2024-10-03,yes,yes,"オンラインストア利用者92,685人の個人情報・ログイン情報。一部52,958人のカード情報。公式アプリ等は対象外",tullys.co.jp,12,2027-10-08,true,https://www.tullys.co.jp/information/2024/10/post-14.html,2026-10-08
jp-2024-kadokawa,,株式会社KADOKAWA・株式会社ドワンゴ,KADOKAWA|角川|ドワンゴ|N高等学校|S高等学校|N中等部,ransomware_personal_data_exposure,2024-08-05,yes,no,"取引先、クリエイター、元従業員、応募者、学校関係者等254,241人。ニコニコ一般利用者のログイン情報は対象外",kadokawa.co.jp|dwango.co.jp|nicovideo.jp|nnn.ed.jp,8,2027-10-08,true,https://www.kadokawa.co.jp/topics/12088/,2026-10-08
jp-2023-casio-classpad,,カシオ計算機株式会社,CASIO|カシオ|ClassPad|ClassPad.net,cloud_service_personal_data_exposure,2023-10-18,yes,unknown,"ClassPad.net利用者126,970件の氏名、メールアドレス、国・地域、学校情報、購入情報等",casio.co.jp|classpad.net,8,2027-10-08,true,https://www.casio.co.jp/release/2023/1018-incident/,2026-10-08
jp-2023-line-yahoo,,LINEヤフー株式会社,LINEヤフー|LINE|Yahoo! JAPAN|ヤフー,network_unauthorized_access,2023-11-27,yes,no,"主に取引先等86,071件のメールアドレス。一般利用者全体のメールアドレス漏えいとして扱わない",lycorp.co.jp|line.me|yahoo.co.jp,6,2027-10-08,true,https://www.lycorp.co.jp/ja/news/announcements/007712/,2026-10-08
