ID,kind,signal_code,scope,phrase,required_any,excluded_near,window,val,title,detail,enabled,description
N001,newsletter_marker,,body,メールマガジン,,,0,0,,,true,ニュースレター識別
N002,newsletter_marker,,body,新着記事,,,0,0,,,true,ニュースレター識別
N003,newsletter_marker,,body,Pick UPコンテンツ,,,0,0,,,true,ニュースレター識別
N004,newsletter_marker,,body,Access Ranking,,,0,0,,,true,ニュースレター識別
N005,newsletter_marker,,body,配信停止,,,0,0,,,true,ニュースレター識別
N006,newsletter_marker,,body,■発行,,,0,0,,,true,ニュースレター識別
N007,newsletter_marker,,body,Copyright,,,0,0,,,true,ニュースレター識別
N008,newsletter_marker,,body,登録情報の確認・変更,,,0,0,,,true,ニュースレター識別
F001,footer_start,,body,このメールは送信専用,,,0,0,,,true,ニュースレター末尾の開始
F002,footer_start,,body,●メールマガジンの配信停止について,,,0,0,,,true,ニュースレター末尾の開始
F003,footer_start,,body,メールマガジンの配信停止について,,,0,0,,,true,ニュースレター末尾の開始
U001,signal,urgent-language,subject,至急,,,0,10,対応を急がせています,考える時間を与えず操作させる表現が含まれています。,true,件名の緊急表現
U002,signal,urgent-language,subject,緊急,,,0,10,対応を急がせています,考える時間を与えず操作させる表現が含まれています。,true,件名の緊急表現
U003,signal,urgent-language,subject,今すぐ,,,0,10,対応を急がせています,考える時間を与えず操作させる表現が含まれています。,true,件名の緊急表現
U004,signal,urgent-language,subject,本日中,,,0,10,対応を急がせています,考える時間を与えず操作させる表現が含まれています。,true,件名の緊急表現
U005,signal,urgent-language,subject,期限切れ,,,0,10,対応を急がせています,考える時間を与えず操作させる表現が含まれています。,true,件名の緊急表現
U006,signal,urgent-language,subject,利用停止,今すぐ|しないと|までに|回避|解除|ログイン|支払|本人確認|確認|手続き,,100,10,対応を急がせています,考える時間を与えず操作させる表現が含まれています。,true,件名の停止予告
U007,signal,urgent-language,subject,アカウント停止,今すぐ|しないと|までに|回避|解除|ログイン|支払|本人確認|確認|手続き,,100,10,対応を急がせています,考える時間を与えず操作させる表現が含まれています。,true,件名の停止予告
U008,signal,urgent-language,body,至急,入力|ログイン|支払|振込|送金|確認|更新|手続き|対応|連絡,,80,10,対応を急がせています,考える時間を与えず操作させる表現が含まれています。,true,本文の緊急操作要求
U009,signal,urgent-language,body,緊急,入力|ログイン|支払|振込|送金|確認|更新|手続き|対応|連絡,,80,10,対応を急がせています,考える時間を与えず操作させる表現が含まれています。,true,本文の緊急操作要求
U010,signal,urgent-language,body,今すぐ,入力|ログイン|支払|振込|送金|確認|更新|手続き|対応|連絡,,80,10,対応を急がせています,考える時間を与えず操作させる表現が含まれています。,true,本文の緊急操作要求
U011,signal,urgent-language,body,本日中,入力|ログイン|支払|振込|送金|確認|更新|手続き|対応|連絡,,80,10,対応を急がせています,考える時間を与えず操作させる表現が含まれています。,true,本文の緊急操作要求
U012,signal,urgent-language,body,期限切れ,入力|ログイン|支払|振込|送金|確認|更新|手続き|対応|連絡,,80,10,対応を急がせています,考える時間を与えず操作させる表現が含まれています。,true,本文の緊急操作要求
U013,signal,urgent-language,body,利用停止,今すぐ|しないと|までに|回避|解除|ログイン|支払|本人確認|確認してください|手続き,,100,10,対応を急がせています,考える時間を与えず操作させる表現が含まれています。,true,本文の停止予告
U014,signal,urgent-language,body,アカウント停止,今すぐ|しないと|までに|回避|解除|ログイン|支払|本人確認|確認してください|手続き,,100,10,対応を急がせています,考える時間を与えず操作させる表現が含まれています。,true,本文の停止予告
U015,signal,urgent-language,all,urgent,enter|login|pay|confirm|update|respond|contact,,90,10,対応を急がせています,考える時間を与えず操作させる表現が含まれています。,true,英語の緊急操作要求
U016,signal,urgent-language,all,immediately,enter|login|pay|confirm|update|respond|contact,,90,10,対応を急がせています,考える時間を与えず操作させる表現が含まれています。,true,英語の緊急操作要求
U017,signal,urgent-language,all,final warning,enter|login|pay|confirm|update|respond|contact,,120,10,対応を急がせています,考える時間を与えず操作させる表現が含まれています。,true,英語の最終警告
U018,signal,urgent-language,all,account suspended,login|verify|confirm|update|restore,,120,10,対応を急がせています,考える時間を与えず操作させる表現が含まれています。,true,英語の停止予告
U019,signal,urgent-language,all,act now,enter|login|pay|confirm|update|respond|contact,,90,10,対応を急がせています,考える時間を与えず操作させる表現が含まれています。,true,英語の緊急操作要求
C001,signal,credential-request,all,パスワード,入力|送信|教えて|更新|変更|確認|再設定してください|要求,,100,15,認証情報を求めています,パスワード・暗証番号・ログインなどに関する操作要求があります。,true,パスワード操作要求
C002,signal,credential-request,all,暗証番号,入力|送信|教えて|更新|変更|確認|要求,,100,15,認証情報を求めています,パスワード・暗証番号・ログインなどに関する操作要求があります。,true,暗証番号操作要求
C003,signal,credential-request,all,認証コード,入力|送信|教えて|確認|要求,,100,15,認証情報を求めています,パスワード・暗証番号・ログインなどに関する操作要求があります。,true,認証コード操作要求
C004,signal,credential-request,all,本人確認,してください|必要|お願い|ログイン|入力|手続き|完了|確認,,100,15,認証情報を求めています,パスワード・暗証番号・ログインなどに関する操作要求があります。,true,本人確認要求
C005,signal,credential-request,all,ログインしてください,,,0,15,認証情報を求めています,パスワード・暗証番号・ログインなどに関する操作要求があります。,true,ログイン要求
C006,signal,credential-request,all,再認証,してください|必要|お願い|ログイン|手続き,,100,15,認証情報を求めています,パスワード・暗証番号・ログインなどに関する操作要求があります。,true,再認証要求
C007,signal,credential-request,all,password,enter|send|provide|update|change|confirm|reset|required,,110,15,認証情報を求めています,パスワード・暗証番号・ログインなどに関する操作要求があります。,true,英語のパスワード要求
C008,signal,credential-request,all,passcode,enter|send|provide|confirm|required,,110,15,認証情報を求めています,パスワード・暗証番号・ログインなどに関する操作要求があります。,true,英語の認証コード要求
C009,signal,credential-request,all,verify your account,,,0,15,認証情報を求めています,パスワード・暗証番号・ログインなどに関する操作要求があります。,true,英語の本人確認要求
C010,signal,credential-request,all,sign in,click|please|required|verify|confirm|update,,100,15,認証情報を求めています,パスワード・暗証番号・ログインなどに関する操作要求があります。,true,英語のログイン要求
C011,signal,credential-request,all,login,click|please|required|verify|confirm|update|enter,,100,15,認証情報を求めています,パスワード・暗証番号・ログインなどに関する操作要求があります。,true,英語のログイン要求
P001,signal,payment-request,all,ギフトカード,購入|買って|番号|コード|送って|送信|支払い|用意,,120,18,金銭に関する要求があります,送金・支払い・当選などに伴う金銭操作を求めています。,true,ギフトカード購入等の要求
P002,signal,payment-request,all,電子マネー,購入|買って|番号|コード|送って|送信|支払い|用意,,120,18,金銭に関する要求があります,送金・支払い・当選などに伴う金銭操作を求めています。,true,電子マネー購入等の要求
P003,signal,payment-request,all,未払い,支払|請求|料金|残高|納付,,100,18,金銭に関する要求があります,送金・支払い・当選などに伴う金銭操作を求めています。,true,未払い請求
P004,signal,payment-request,all,請求書,支払|振込|送付|添付|確認|変更,,100,18,金銭に関する要求があります,送金・支払い・当選などに伴う金銭操作を求めています。,true,請求書操作要求
P005,signal,payment-request,all,送金,してください|必要|依頼|至急|口座|支払,,100,18,金銭に関する要求があります,送金・支払い・当選などに伴う金銭操作を求めています。,true,送金要求
P006,signal,payment-request,all,振込,してください|必要|依頼|至急|口座|支払,,100,18,金銭に関する要求があります,送金・支払い・当選などに伴う金銭操作を求めています。,true,振込要求
P007,signal,payment-request,all,当選,手数料|受け取|口座|連絡|入力|支払,,120,18,金銭に関する要求があります,送金・支払い・当選などに伴う金銭操作を求めています。,true,当選金受取要求
P008,signal,payment-request,all,還付金,受け取|手続き|口座|ATM|申請|支払,,120,18,金銭に関する要求があります,送金・支払い・当選などに伴う金銭操作を求めています。,true,還付金受取要求
P014,signal,refund-mention,all,還付金,,,0,8,還付金に関する案内があります,還付金を口実に受取口座や個人情報を求める詐欺があります。送信元を確認してください。,true,還付金への注意
P015,signal,payout-account-request,all,受取口座,,,0,12,受取口座の指定を求めています,還付金などを口実に口座情報を入力させる手口があります。送信元と手続先を確認してください。,true,受取口座の指定要求
P016,signal,payout-account-request,all,入金口座,,,0,12,受取口座の指定を求めています,還付金などを口実に口座情報を入力させる手口があります。送信元と手続先を確認してください。,true,入金口座の指定要求
G001,signal,public-refund-impersonation,all,還付金,日本年金機構|年金事務所|ねんきんネット|市役所|区役所|町役場|村役場|都庁|道庁|府庁|県庁|市民税課|税務課|保険年金課,詐欺|注意|注意喚起|防止|対策|事例|報道|ニュース|記事,0,24,公的機関を名乗る還付案内です,年金機構や自治体を名乗って還付手続きを求めています。公式サイトや代表電話から確認してください。,true,公的機関を名乗る還付金案内
G002,signal,public-refund-impersonation,all,払い戻し,日本年金機構|年金事務所|ねんきんネット|市役所|区役所|町役場|村役場|都庁|道庁|府庁|県庁|市民税課|税務課|保険年金課,詐欺|注意|注意喚起|防止|対策|事例|報道|ニュース|記事,0,24,公的機関を名乗る還付案内です,年金機構や自治体を名乗って還付手続きを求めています。公式サイトや代表電話から確認してください。,true,公的機関を名乗る払い戻し案内
G003,signal,public-refund-impersonation,all,給付金,日本年金機構|年金事務所|ねんきんネット|市役所|区役所|町役場|村役場|都庁|道庁|府庁|県庁|市民税課|税務課|保険年金課,詐欺|注意|注意喚起|防止|対策|事例|報道|ニュース|記事,0,24,公的機関を名乗る還付案内です,年金機構や自治体を名乗って還付手続きを求めています。公式サイトや代表電話から確認してください。,true,公的機関を名乗る給付金案内
G004,signal,public-refund-account-request,all,口座番号,日本年金機構|年金事務所|ねんきんネット|市役所|区役所|町役場|村役場|都庁|道庁|府庁|県庁|市民税課|税務課|保険年金課,詐欺|注意|注意喚起|防止|対策|事例|報道|ニュース|記事,0,24,公的機関を名乗って口座情報を求めています,日本年金機構や自治体がメールで口座情報を求めることは通常ありません。別経路で確認してください。,true,公的機関を名乗る口座番号要求
G005,signal,public-refund-account-request,all,振込先,日本年金機構|年金事務所|ねんきんネット|市役所|区役所|町役場|村役場|都庁|道庁|府庁|県庁|市民税課|税務課|保険年金課,詐欺|注意|注意喚起|防止|対策|事例|報道|ニュース|記事,0,24,公的機関を名乗って口座情報を求めています,日本年金機構や自治体がメールで口座情報を求めることは通常ありません。別経路で確認してください。,true,公的機関を名乗る振込先要求
G006,signal,public-refund-atm-guidance,all,ATM,還付金|払い戻し|給付金|保険料,詐欺|注意|注意喚起|防止|対策|事例|報道|ニュース|記事,180,24,還付のためATM操作を求めています,公的機関が還付のためにATM操作を案内することはありません。,true,還付を口実にしたATM誘導
G007,signal,public-refund-atm-guidance,all,現金自動預け払い機,還付金|払い戻し|給付金|保険料,詐欺|注意|注意喚起|防止|対策|事例|報道|ニュース|記事,180,24,還付のためATM操作を求めています,公的機関が還付のためにATM操作を案内することはありません。,true,還付を口実にした現金自動預け払い機誘導
G008,signal,pension-sensitive-document-request,all,画像提出,日本年金機構|年金事務所|ねんきんネット|マイナンバーカード,詐欺|注意|注意喚起|防止|対策|事例|報道|ニュース|記事,220,24,年金手続を装って画像提出を求めています,日本年金機構はメールでマイナンバーカード画像などの提出を求めません。,true,年金を装う本人確認書類の画像提出要求
G009,signal,pension-payment-suspension,all,支給を停止,日本年金機構|年金事務所|ねんきんネット|年金,詐欺|注意|注意喚起|防止|対策|事例|報道|ニュース|記事,220,24,年金支給の停止をかたっています,年金の支給停止を口実に手続きを急がせるメールに注意してください。,true,年金支給停止を装う要求
H001,signal,nhk-fee-claim,all,受信料,NHK|ＮＨＫ|日本放送協会,詐欺|不審|注意|注意喚起|防止|対策|事例|報道|ニュース|記事|偽メール,0,18,NHK受信料に関する手続きを求めています,送信元とリンク先がNHKの公式ドメインか確認してください。,true,NHK受信料を口実にした手続要求
H002,signal,nhk-fee-payment-failure,all,支払いが確認できない,NHK|ＮＨＫ|受信料,詐欺|不審|注意|注意喚起|防止|対策|事例|報道|ニュース|記事|偽メール,220,24,NHK受信料の未払いをかたっています,NHKは支払いを確認できないとしてメールからカード番号や口座番号の入力を求めません。,true,NHK受信料の支払確認失敗を装う通知
H003,signal,nhk-fee-payment-failure,all,未払い,NHK|ＮＨＫ|受信料,詐欺|不審|注意|注意喚起|防止|対策|事例|報道|ニュース|記事|偽メール,220,24,NHK受信料の未払いをかたっています,NHKは支払いを確認できないとしてメールからカード番号や口座番号の入力を求めません。,true,NHK受信料の未払いを装う通知
H004,signal,nhk-fee-account-request,all,クレジットカード番号,NHK|ＮＨＫ|受信料,詐欺|不審|注意|注意喚起|防止|対策|事例|報道|ニュース|記事|偽メール,260,24,NHK受信料を口実に支払情報を求めています,NHKを名乗るメールからカード番号や口座番号を入力せず公式サイトから確認してください。,true,NHKを装うカード番号要求
H005,signal,nhk-fee-account-request,all,口座番号,NHK|ＮＨＫ|受信料,詐欺|不審|注意|注意喚起|防止|対策|事例|報道|ニュース|記事|偽メール,260,24,NHK受信料を口実に支払情報を求めています,NHKを名乗るメールからカード番号や口座番号を入力せず公式サイトから確認してください。,true,NHKを装う口座番号要求
H006,signal,nhk-fee-urgency,all,24時間以内,NHK|ＮＨＫ|受信料,詐欺|不審|注意|注意喚起|防止|対策|事例|報道|ニュース|記事|偽メール,220,18,NHK受信料の確認を急がせています,期限を強調するリンクは開かずNHK受信料の窓口から確認してください。,true,NHKを装う期限付き確認要求
H007,signal,nhk-upgrade-phishing,all,アップグレード通知,NHK|ＮＨＫ,詐欺|不審|注意|注意喚起|防止|対策|事例|報道|ニュース|記事|偽メール,220,18,NHKのアップグレード通知をかたっています,NHK受信料の手続きは外部サイトではなくNHK受信料の窓口から確認してください。,true,NHKを装うアップグレード通知
I001,signal,cashless-payment-diversion,all,PayPay,支払|送金|未払い|未納|納付|請求|料金|保険料|税金,詐欺|不審|注意|注意喚起|防止|対策|事例|報道|ニュース|記事|偽メール|フィッシング,220,24,外部のキャッシュレス決済へ誘導しています,メールの請求を根拠に送金せず請求元へ別経路で確認してください。,true,PayPay支払いへ誘導する請求
I002,signal,cashless-payment-diversion,all,PayPay残高,送る|送金|支払|請求|納付|返金,詐欺|不審|注意|注意喚起|防止|対策|事例|報道|ニュース|記事|偽メール|フィッシング,220,24,外部のキャッシュレス決済へ誘導しています,メールの請求を根拠に送金せず請求元へ別経路で確認してください。,true,PayPay残高の送金要求
J001,signal,public-fee-payment-demand,all,住民税,納付|未納|支払|請求|PayPay|期限,詐欺|不審|注意|注意喚起|防止|対策|事例|報道|ニュース|記事|偽メール|フィッシング,240,28,公的な料金の納付をメールで求めています,自治体・年金機構の公式サイトや納付書を確認しメールから支払わないでください。,true,住民税の納付要求
J002,signal,public-fee-payment-demand,all,国民健康保険料,納付|未納|差額|催告|支払|PayPay,詐欺|不審|注意|注意喚起|防止|対策|事例|報道|ニュース|記事|偽メール|フィッシング,240,28,公的な料金の納付をメールで求めています,自治体・年金機構の公式サイトや納付書を確認しメールから支払わないでください。,true,国民健康保険料の納付要求
J003,signal,public-fee-payment-demand,all,国民年金保険料,納付|未納|支払|差押|PayPay|期限,詐欺|不審|注意|注意喚起|防止|対策|事例|報道|ニュース|記事|偽メール|フィッシング,240,28,公的な料金の納付をメールで求めています,自治体・年金機構の公式サイトや納付書を確認しメールから支払わないでください。,true,国民年金保険料の納付要求
J004,signal,legal-enforcement-threat,all,差押,未納|納付|保険料|税|年金|支払|請求,詐欺|不審|注意|注意喚起|防止|対策|事例|報道|ニュース|記事|偽メール|フィッシング,240,24,法的措置を示して支払いを急がせています,メールのリンクや決済画面を使わず請求元へ別経路で確認してください。,true,未納を口実にした差押予告
J005,signal,legal-enforcement-threat,all,法的措置,未納|納付|保険料|税|年金|支払|請求,詐欺|不審|注意|注意喚起|防止|対策|事例|報道|ニュース|記事|偽メール|フィッシング,240,24,法的措置を示して支払いを急がせています,メールのリンクや決済画面を使わず請求元へ別経路で確認してください。,true,未納を口実にした法的措置予告
J006,signal,contract-termination-threat,all,契約失効,保険料|未払い|支払|請求|保障|保険,詐欺|不審|注意|注意喚起|防止|対策|事例|報道|ニュース|記事|偽メール|フィッシング,240,22,契約失効を示して支払いを急がせています,保険会社などの公式サイトや窓口から契約状況を確認してください。,true,保険契約の失効予告
J007,signal,service-suspension-payment,all,サービス停止,未払い|料金|支払|請求|回避|期限,詐欺|不審|注意|注意喚起|防止|対策|事例|報道|ニュース|記事|偽メール|フィッシング,220,22,サービス停止を示して支払いを急がせています,メールの支払先を使わず契約中のサービスから請求状況を確認してください。,true,未払いを口実にしたサービス停止予告
K001,signal,malicious-app-install,all,アプリをインストール,Android|アップデート|更新|ログイン|確認|セキュリティ|e-Tax|ポイント,詐欺|不審|注意|注意喚起|防止|対策|事例|報道|ニュース|記事|偽メール|フィッシング,260,24,メールからアプリの導入を求めています,メールのリンクから導入せず公式アプリストアと提供元を確認してください。,true,メールからのアプリ導入要求
K002,signal,malicious-app-install,all,アプリのインストール,Android|アップデート|更新|ログイン|確認|セキュリティ|e-Tax|ポイント,詐欺|不審|注意|注意喚起|防止|対策|事例|報道|ニュース|記事|偽メール|フィッシング,260,24,メールからアプリの導入を求めています,メールのリンクから導入せず公式アプリストアと提供元を確認してください。,true,メールからのアプリ導入要求
K003,signal,malicious-app-install,all,APK,インストール|ダウンロード|更新|Android,詐欺|不審|注意|注意喚起|防止|対策|事例|報道|ニュース|記事|偽メール|フィッシング,220,24,メールからアプリの導入を求めています,メールのリンクから導入せず公式アプリストアと提供元を確認してください。,true,APKファイルへの誘導
K004,signal,malicious-app-install,all,アプリをダウンロード,Android|アップデート|更新|ログイン|確認|セキュリティ|ポイント,詐欺|不審|注意|注意喚起|防止|対策|事例|報道|ニュース|記事|偽メール|フィッシング,260,24,メールからアプリの導入を求めています,メールのリンクから導入せず公式アプリストアと提供元を確認してください。,true,メールからのアプリ取得要求
L001,signal,security-reverification,all,ワンタイム認証,未設定|設定|確認|更新|ログイン|登録,詐欺|不審|注意|注意喚起|防止|対策|事例|報道|ニュース|記事|偽メール|フィッシング,200,18,セキュリティ設定や登録情報の再確認を求めています,メールのリンクではなく公式アプリまたはブックマークから確認してください。,true,ワンタイム認証の設定要求
L002,signal,security-reverification,all,パスキー設定,お願い|設定|確認|ログイン|登録|完了,詐欺|不審|注意|注意喚起|防止|対策|事例|報道|ニュース|記事|偽メール|フィッシング,200,18,セキュリティ設定や登録情報の再確認を求めています,メールのリンクではなく公式アプリまたはブックマークから確認してください。,true,パスキーの設定要求
L003,signal,security-reverification,all,お取引目的,確認|回答|更新|入力|再確認,詐欺|不審|注意|注意喚起|防止|対策|事例|報道|ニュース|記事|偽メール|フィッシング,200,18,セキュリティ設定や登録情報の再確認を求めています,メールのリンクではなく公式アプリまたはブックマークから確認してください。,true,取引目的の確認要求
L004,signal,security-reverification,all,登録個人情報,再確認|確認|更新|回答|入力,詐欺|不審|注意|注意喚起|防止|対策|事例|報道|ニュース|記事|偽メール|フィッシング,200,18,セキュリティ設定や登録情報の再確認を求めています,メールのリンクではなく公式アプリまたはブックマークから確認してください。,true,登録個人情報の再確認要求
M001,signal,benefit-lure,all,未受領特典,受取|失効|ログイン|確認|期限,詐欺|不審|注意|注意喚起|防止|対策|事例|報道|ニュース|記事|偽メール|フィッシング,220,16,特典や支援金を口実に誘導しています,送信元とリンク先が公式ドメインか確認してください。,true,未受領特典の受取誘導
M002,signal,benefit-lure,all,支援金,受取|進呈|ログイン|確認|手続き,詐欺|不審|注意|注意喚起|防止|対策|事例|報道|ニュース|記事|偽メール|フィッシング,220,16,特典や支援金を口実に誘導しています,送信元とリンク先が公式ドメインか確認してください。,true,支援金の受取誘導
M003,signal,benefit-lure,all,キャッシュバック,受取|進呈|ログイン|確認|手続き|失効,詐欺|不審|注意|注意喚起|防止|対策|事例|報道|ニュース|記事|偽メール|フィッシング,220,16,特典や支援金を口実に誘導しています,送信元とリンク先が公式ドメインか確認してください。,true,キャッシュバックの受取誘導
M004,signal,benefit-lure,all,ポイントが失効,24時間|ログイン|確認|受取|期限,詐欺|不審|注意|注意喚起|防止|対策|事例|報道|ニュース|記事|偽メール|フィッシング,220,16,特典や支援金を口実に誘導しています,送信元とリンク先が公式ドメインか確認してください。,true,ポイント失効による誘導
V001,signal,delivery-problem,all,配送に問題,確認|再配達|手続き|住所|支払|更新,詐欺|不審|注意|注意喚起|防止|対策|事例|報道|ニュース|記事|偽メール|フィッシング,220,18,配送の問題を口実に手続きを求めています,注文履歴や配送会社の公式サイトから配送状況を確認してください。,true,配送問題を口実にした誘導
V002,signal,delivery-problem,all,荷物のお届けに問題,確認|再配達|手続き|住所|支払|更新,詐欺|不審|注意|注意喚起|防止|対策|事例|報道|ニュース|記事|偽メール|フィッシング,220,18,配送の問題を口実に手続きを求めています,注文履歴や配送会社の公式サイトから配送状況を確認してください。,true,荷物の配送問題を口実にした誘導
P009,signal,payment-request,all,gift card,buy|purchase|number|code|send|payment,,120,18,金銭に関する要求があります,送金・支払い・当選などに伴う金銭操作を求めています。,true,英語のギフトカード要求
P010,signal,payment-request,all,wire transfer,send|make|urgent|required|account,,120,18,金銭に関する要求があります,送金・支払い・当選などに伴う金銭操作を求めています。,true,英語の送金要求
P011,signal,payment-request,all,invoice attached,pay|payment|transfer|account|confirm,,120,18,金銭に関する要求があります,送金・支払い・当選などに伴う金銭操作を求めています。,true,英語の請求要求
P012,signal,payment-request,all,payment overdue,pay|update|account|card|required,,120,18,金銭に関する要求があります,送金・支払い・当選などに伴う金銭操作を求めています。,true,英語の未払い要求
P013,signal,payment-request,all,you have won,fee|receive|account|contact|claim|pay,,120,18,金銭に関する要求があります,送金・支払い・当選などに伴う金銭操作を求めています。,true,英語の当選金要求
B001,signal,bank-change-request,all,振込先変更,,,0,24,振込先・口座情報の変更を求めています,取引先や役員を装う請求書・振込先変更詐欺の可能性があります。既知の電話番号から確認してください。,true,振込先変更
B002,signal,bank-change-request,all,振込口座変更,,,0,24,振込先・口座情報の変更を求めています,取引先や役員を装う請求書・振込先変更詐欺の可能性があります。既知の電話番号から確認してください。,true,振込口座変更
B003,signal,bank-change-request,all,口座を変更,,,0,24,振込先・口座情報の変更を求めています,取引先や役員を装う請求書・振込先変更詐欺の可能性があります。既知の電話番号から確認してください。,true,口座変更
B004,signal,bank-change-request,all,新しい口座,,,0,24,振込先・口座情報の変更を求めています,取引先や役員を装う請求書・振込先変更詐欺の可能性があります。既知の電話番号から確認してください。,true,新口座
B005,signal,bank-change-request,all,支払先変更,,,0,24,振込先・口座情報の変更を求めています,取引先や役員を装う請求書・振込先変更詐欺の可能性があります。既知の電話番号から確認してください。,true,支払先変更
B006,signal,bank-change-request,all,請求先変更,,,0,24,振込先・口座情報の変更を求めています,取引先や役員を装う請求書・振込先変更詐欺の可能性があります。既知の電話番号から確認してください。,true,請求先変更
B007,signal,bank-change-request,all,change of bank,,,0,24,振込先・口座情報の変更を求めています,取引先や役員を装う請求書・振込先変更詐欺の可能性があります。既知の電話番号から確認してください。,true,英語の口座変更
B008,signal,bank-change-request,all,new bank account,,,0,24,振込先・口座情報の変更を求めています,取引先や役員を装う請求書・振込先変更詐欺の可能性があります。既知の電話番号から確認してください。,true,英語の新口座
B009,signal,bank-change-request,all,updated payment details,,,0,24,振込先・口座情報の変更を求めています,取引先や役員を装う請求書・振込先変更詐欺の可能性があります。既知の電話番号から確認してください。,true,英語の支払先変更
B010,signal,bank-change-request,all,change payment account,,,0,24,振込先・口座情報の変更を求めています,取引先や役員を装う請求書・振込先変更詐欺の可能性があります。既知の電話番号から確認してください。,true,英語の口座変更
E001,signal,executive-impersonation,all,社長,内密|極秘|他言無用|誰にも言わ|秘密に|至急返信|直接返信|confidential|do not tell|keep this secret|reply only to me,,200,22,役員なりすましの特徴があります,役員・上司を名乗り秘密または直接対応を求める表現があります。,true,社長なりすまし
E002,signal,executive-impersonation,all,代表取締役,内密|極秘|他言無用|誰にも言わ|秘密に|至急返信|直接返信|confidential|do not tell|keep this secret|reply only to me,,200,22,役員なりすましの特徴があります,役員・上司を名乗り秘密または直接対応を求める表現があります。,true,代表取締役なりすまし
E003,signal,executive-impersonation,all,役員,内密|極秘|他言無用|誰にも言わ|秘密に|至急返信|直接返信|confidential|do not tell|keep this secret|reply only to me,,200,22,役員なりすましの特徴があります,役員・上司を名乗り秘密または直接対応を求める表現があります。,true,役員なりすまし
E004,signal,executive-impersonation,all,上司,内密|極秘|他言無用|誰にも言わ|秘密に|至急返信|直接返信|confidential|do not tell|keep this secret|reply only to me,,200,22,役員なりすましの特徴があります,役員・上司を名乗り秘密または直接対応を求める表現があります。,true,上司なりすまし
E005,signal,executive-impersonation,all,CEO,内密|極秘|他言無用|誰にも言わ|秘密に|至急返信|直接返信|confidential|do not tell|keep this secret|reply only to me,,200,22,役員なりすましの特徴があります,役員・上司を名乗り秘密または直接対応を求める表現があります。,true,CEOなりすまし
E006,signal,executive-impersonation,all,CFO,内密|極秘|他言無用|誰にも言わ|秘密に|至急返信|直接返信|confidential|do not tell|keep this secret|reply only to me,,200,22,役員なりすましの特徴があります,役員・上司を名乗り秘密または直接対応を求める表現があります。,true,CFOなりすまし
E007,signal,executive-impersonation,all,社長代理,内密|極秘|他言無用|誰にも言わ|秘密に|至急返信|直接返信|confidential|do not tell|keep this secret|reply only to me,,200,22,役員なりすましの特徴があります,役員・上司を名乗り秘密または直接対応を求める表現があります。,true,社長代理なりすまし
E008,signal,executive-impersonation,all,経営者,内密|極秘|他言無用|誰にも言わ|秘密に|至急返信|直接返信|confidential|do not tell|keep this secret|reply only to me,,200,22,役員なりすましの特徴があります,役員・上司を名乗り秘密または直接対応を求める表現があります。,true,経営者なりすまし
D001,signal,communication-diversion,all,電話してください,,,0,12,メール外の連絡手段へ誘導しています,電話・SMS・LINEなどへ移動させメール側の保護を回避する手口に注意してください。,true,電話誘導
D002,signal,communication-diversion,all,お電話ください,,,0,12,メール外の連絡手段へ誘導しています,電話・SMS・LINEなどへ移動させメール側の保護を回避する手口に注意してください。,true,電話誘導
D003,signal,communication-diversion,all,SMS,返信|送信|連絡|移動|登録|認証コード|こちら,,80,12,メール外の連絡手段へ誘導しています,電話・SMS・LINEなどへ移動させメール側の保護を回避する手口に注意してください。,true,SMS誘導
D004,signal,communication-diversion,all,ショートメッセージ,返信|送信|連絡|移動|登録|認証コード|こちら,,80,12,メール外の連絡手段へ誘導しています,電話・SMS・LINEなどへ移動させメール側の保護を回避する手口に注意してください。,true,SMS誘導
D005,signal,communication-diversion,all,LINE,追加|連絡|返信|移動|登録|友だち|こちら,LINEヤフー,80,12,メール外の連絡手段へ誘導しています,電話・SMS・LINEなどへ移動させメール側の保護を回避する手口に注意してください。,true,LINE誘導
D006,signal,communication-diversion,all,ライン追加,,,0,12,メール外の連絡手段へ誘導しています,電話・SMS・LINEなどへ移動させメール側の保護を回避する手口に注意してください。,true,LINE誘導
D007,signal,communication-diversion,all,WhatsApp,add|contact|reply|message|move|join,,100,12,メール外の連絡手段へ誘導しています,電話・SMS・LINEなどへ移動させメール側の保護を回避する手口に注意してください。,true,WhatsApp誘導
D008,signal,communication-diversion,all,Telegram,add|contact|reply|message|move|join,,100,12,メール外の連絡手段へ誘導しています,電話・SMS・LINEなどへ移動させメール側の保護を回避する手口に注意してください。,true,Telegram誘導
D009,signal,communication-diversion,all,チャットへ,移動|連絡|返信|こちら|追加,,80,12,メール外の連絡手段へ誘導しています,電話・SMS・LINEなどへ移動させメール側の保護を回避する手口に注意してください。,true,チャット誘導
D010,signal,communication-diversion,all,call this number,,,0,12,メール外の連絡手段へ誘導しています,電話・SMS・LINEなどへ移動させメール側の保護を回避する手口に注意してください。,true,英語の電話誘導
D011,signal,communication-diversion,all,text me,,,0,12,メール外の連絡手段へ誘導しています,電話・SMS・LINEなどへ移動させメール側の保護を回避する手口に注意してください。,true,英語のSMS誘導
D012,signal,communication-diversion,all,contact me on,,,0,12,メール外の連絡手段へ誘導しています,電話・SMS・LINEなどへ移動させメール側の保護を回避する手口に注意してください。,true,英語の外部連絡誘導
Q001,signal,qr-instruction,all,QRコード,,,0,8,QRコードの読み取りを求めています,QRコードはリンク先を見えにくくするため読み取ったURLも検査対象にします。,true,QRコード
Q002,signal,qr-instruction,all,二次元コード,,,0,8,QRコードの読み取りを求めています,QRコードはリンク先を見えにくくするため読み取ったURLも検査対象にします。,true,二次元コード
Q003,signal,qr-instruction,all,コードを読み取,,,0,8,QRコードの読み取りを求めています,QRコードはリンク先を見えにくくするため読み取ったURLも検査対象にします。,true,コード読取
Q004,signal,qr-instruction,all,scan the qr,,,0,8,QRコードの読み取りを求めています,QRコードはリンク先を見えにくくするため読み取ったURLも検査対象にします。,true,英語のQR読取
Q005,signal,qr-instruction,all,scan this code,,,0,8,QRコードの読み取りを求めています,QRコードはリンク先を見えにくくするため読み取ったURLも検査対象にします。,true,英語のコード読取
DR001,signal,domain-renewal-request,all,ドメイン,更新期限|契約更新|更新手続|失効|停止|削除|請求書|支払い,フィッシング|詐欺メール|偽メール|注意喚起,180,1,ドメイン更新に関する要求があります,ドメインの更新・失効・請求に関する通知です。送信元とリンク先を組み合わせて確認します。,true,ドメイン更新要求
DR002,signal,domain-renewal-request,all,ネームサーバー,更新|期限|停止|削除|失効|請求,フィッシング|詐欺メール|偽メール|注意喚起,180,1,ドメイン更新に関する要求があります,ドメインの更新・失効・請求に関する通知です。送信元とリンク先を組み合わせて確認します。,true,ネームサーバー更新要求
DR003,signal,domain-renewal-request,all,DNS,更新|期限|停止|削除|失効|請求,フィッシング|詐欺メール|偽メール|注意喚起,180,1,ドメイン更新に関する要求があります,ドメインの更新・失効・請求に関する通知です。送信元とリンク先を組み合わせて確認します。,true,DNS更新要求
DR004,signal,domain-renewal-request,all,サーバー,更新期限|契約更新|サービス停止|削除され|失効,フィッシング|詐欺メール|偽メール|注意喚起,180,1,ドメイン更新に関する要求があります,ドメインの更新・失効・請求に関する通知です。送信元とリンク先を組み合わせて確認します。,true,サーバー更新要求
